{
    "n_dead_ends": [
        2,
        2,
        2,
        2,
        2,
        4,
        4,
        4,
        4,
        4,
        6,
        6,
        6,
        6,
        6,
        8,
        8,
        8,
        8,
        8,
        10,
        10,
        10,
        10,
        10
    ],
    "seed": [
        10,
        20,
        30,
        40,
        50,
        10,
        20,
        30,
        40,
        50,
        10,
        20,
        30,
        40,
        50,
        10,
        20,
        30,
        40,
        50,
        10,
        20,
        30,
        40,
        50
    ],
    "precision": [
        0.9197453145796611,
        0.9271535879814607,
        0.9251635703710779,
        0.9673148329099082,
        0.9265942278381435,
        0.9474724309554016,
        0.9351628247347238,
        0.9565325161115869,
        0.944359026428012,
        0.9342055036957352,
        0.975123412878053,
        0.9422944864098531,
        0.9517875574739608,
        0.9514252541288534,
        0.9539800508507725,
        0.9573569805690257,
        0.9564098683214772,
        0.9506156226872099,
        0.9567605606270891,
        0.960777322160813,
        0.9642500948180196,
        0.9666053696211843,
        0.9558867710384885,
        0.9580507066481615,
        0.9760532827170119
    ],
    "recall": [
        0.9563493547783803,
        0.9517340945631132,
        0.9110661712834501,
        0.9394097551717594,
        0.9114475020554239,
        0.9568570443009905,
        0.9485599762470309,
        0.9384520151217032,
        0.9270661274705245,
        0.9174590191868589,
        0.9632666098807495,
        0.9680928538916704,
        0.946741585618548,
        0.9161285906591526,
        0.9511524511524512,
        0.9655921333903378,
        0.9534155633510618,
        0.9546621621621622,
        0.9326943232273186,
        0.962751228226887,
        0.9710429899138504,
        0.9609084793354588,
        0.9455965393124856,
        0.9293122736494814,
        0.9683564522908785
    ],
    "f1": [
        0.9376902482854732,
        0.9392830543052363,
        0.9180607554144354,
        0.9531580974388602,
        0.9189584552369807,
        0.9521416137494789,
        0.9418137598113276,
        0.9474060104228276,
        0.9356326794567795,
        0.9257565337001377,
        0.969158748352955,
        0.9550194762188072,
        0.9492578658730605,
        0.9334433699088711,
        0.9525641526383627,
        0.9614569231948098,
        0.9549103685373731,
        0.9526345952870581,
        0.9445741744987166,
        0.9617632623923615,
        0.9676346208063151,
        0.9637485057167792,
        0.9507138114209828,
        0.9434626934626934,
        0.9721896337809438
    ],
    "biou": [
        0.047556142668428,
        0.055745164960182024,
        0.0546218487394958,
        0.04,
        0.04376657824933687,
        0.052801724137931036,
        0.053009883198562445,
        0.05459272097053726,
        0.05063291139240506,
        0.03494347379239465,
        0.057863501483679525,
        0.04638619201725998,
        0.04567307692307692,
        0.04927975739196361,
        0.03368623676612127,
        0.047664442326024785,
        0.03835360149672591,
        0.039740470397404706,
        0.05383480825958702,
        0.03802672147995889,
        0.03101503759398496,
        0.03996366939146231,
        0.029459901800327332,
        0.051508462104488596,
        0.042606516290726815
    ]
}