{
    "n_dead_ends": [
        2,
        2,
        2,
        2,
        2,
        4,
        4,
        4,
        4,
        4,
        6,
        6,
        6,
        6,
        6,
        8,
        8,
        8,
        8,
        8,
        10,
        10,
        10,
        10,
        10
    ],
    "seed": [
        10,
        20,
        30,
        40,
        50,
        10,
        20,
        30,
        40,
        50,
        10,
        20,
        30,
        40,
        50,
        10,
        20,
        30,
        40,
        50,
        10,
        20,
        30,
        40,
        50
    ],
    "precision": [
        0.9697959776374065,
        0.9636744009128947,
        0.9590497737556561,
        0.9848030018761726,
        0.9464777105118327,
        0.9608791521445338,
        0.9624743546924949,
        0.9454461783039786,
        0.9310692491377023,
        0.9426757749564993,
        0.9719920450778919,
        0.9682175333274476,
        0.9429684607654744,
        0.9349362601695458,
        0.9488460755464253,
        0.9586890844607907,
        0.9685037927370003,
        0.9378982406086543,
        0.9322898095985167,
        0.956222735437516,
        0.9524014936036558,
        0.9621687832624672,
        0.9426307349804618,
        0.9280883440769312,
        0.9689002624244104
    ],
    "recall": [
        0.999214512810922,
        0.997539127866916,
        0.9968019564501717,
        0.9962042133232112,
        0.9980654833873386,
        0.9985462967525748,
        0.9982432699920823,
        0.9992262286383835,
        0.9993734692715156,
        0.9970009883106703,
        0.9991482112436116,
        0.9983614019116978,
        0.9984879314528925,
        0.9989732825298319,
        0.9997464997464998,
        0.9985121846943138,
        0.9969258043830863,
        0.999527027027027,
        0.9965127579701584,
        0.9985886556498437,
        0.9994483031786224,
        0.9994296411126385,
        0.9997028035531487,
        0.999165702800584,
        0.9994619588062211
    ],
    "f1": [
        0.9842854774230394,
        0.9803143893591294,
        0.9775615155777968,
        0.9904707991319935,
        0.9715872978508039,
        0.9793506760267269,
        0.9800325503437219,
        0.9715925579595652,
        0.9640129663205318,
        0.9690776288984215,
        0.985383064516129,
        0.9830584438866977,
        0.96993435607297,
        0.9658945510699316,
        0.9736314864929023,
        0.9781954950200622,
        0.9825092936802974,
        0.96773243928367,
        0.9633320745332462,
        0.9769466049112994,
        0.9753578972072284,
        0.980445324380936,
        0.9703282878869222,
        0.9623163527123643,
        0.9839438531441909
    ],
    "biou": [
        0.14666666666666667,
        0.18481375358166188,
        0.20982986767485823,
        0.3181818181818182,
        0.10163934426229508,
        0.10348977135980746,
        0.14519650655021835,
        0.08597748208802457,
        0.05047619047619047,
        0.09048723897911833,
        0.1330998248686515,
        0.1745152354570637,
        0.058931860036832415,
        0.0897138437741686,
        0.07308970099667775,
        0.0956043956043956,
        0.13911060433295325,
        0.049239033124440466,
        0.080370942812983,
        0.0855106888361045,
        0.049494949494949494,
        0.08663101604278074,
        0.04986642920747997,
        0.06559877955758962,
        0.08552631578947369
    ]
}