alpha,our_auc
0.05,0.6878608558433119
0.1,0.6893251647637613
0.15,0.6898774714564188
0.2,0.6894597605123921
0.25,0.6890745381973452
0.3,0.688622018007983
0.35,0.6884549336303721
0.4,0.6883644295924997
0.45,0.6882785667873387
0.5,0.6881161236424393
0.55,0.6881578947368421
0.6,0.6884990253411305
0.65,0.6885523995173117
0.7,0.6889886753921841
0.75,0.6891975308641974
0.8,0.6891023855936137
0.85,0.6894087069525667
0.9,0.689680219066184
0.95,0.689406386336211
1.0,0.6899679754942912
